insert into departments(ID, Name)
values (1, 'Хирургия'),
       (2, 'Травматология'),
       (3, 'Реанимация'),
       (4, 'Гнойная хирургия'),
       (5, 'Терапия'),
       (6, 'Гинекология');
insert into departments(ID, Name)
values (1, 'Хирургия'),
       (2, 'Травматология'),
       (3, 'Реанимация'),
       (4, 'Гнойная хирургия'),
       (5, 'Терапия'),
       (6, 'Гинекология');
insert into doctors(ID, Department_ID, Last_Name, First_Name, Patronymic, Duty_Status)
values (1, 1, 'Иванов', 'Пётр', 'Владимирович', false),
       (2, 6, 'Королёва', 'Наталья', 'Кирилловна', true),
       (3, 5, 'Лахмостов', 'Вячеслав', 'Викторович', true),
       (4, 3, 'Кудинов', 'Валерий', 'Михайлович', true),
       (5, 2, 'Криковцов', 'Евгений', 'Леонидович', true),
       (6, 1, 'Белоусов', 'Василий', 'Александрович', true);
insert into doctors(ID, Department_ID, Last_Name, First_Name, Patronymic, Duty_Status)
values (7, 4, 'Усенко', 'Александр', 'Викторович', true);
insert into wards(ID, Department_ID)
values (1, 1),
       (2, 1),
       (3, 1),
       (4, 1),
       (5, 1),
       (6, 2),
       (7, 2),
       (8, 2),
       (9, 2),
       (10, 2),
       (11, 3),
       (12, 3),
       (13, 3),
       (14, 3),
       (15, 3),
       (16, 4),
       (17, 4),
       (18, 4),
       (19, 4),
       (20, 4),
       (21, 5),
       (22, 5),
       (23, 5),
       (24, 5),
       (25, 5),
       (26, 6),
       (27, 6),
       (28, 6),
       (29, 6),
       (30, 6);
insert into patients (ID, Ward_ID, Last_Name, First_Name, Patronymic)
values (1, 9, 'Корнелюк', 'Антон', 'Викторович'),
       (2, 25, 'Пудова', 'Виктория', 'Викторовна'),
       (3, 11, 'Захарова', 'Александра', 'Витальевна'),
       (4, 28, 'Хомякова', 'Алевтина', 'Евдокимовна'),
       (5, 16, 'Корнеев', 'Борис', 'Вячеславович'),
       (6, 30, 'Бондарева', 'Александра', 'Антоновна'),
       (7, 23, 'Ботвиньев', 'Никита', 'Олегович');
insert into info (Patient_ID, Doctor_ID)
values (7, 3),
       (1, 5),
       (2, 3),
       (3, 4),
       (4, 2),
       (5, 7),
       (6, 2);
